Workbook

Sheet Sales Data
A1: Date | B1: Product | C1: Quantity | D1: Unit Price (R) | E1: Total Sales (R'000) | F1: Region
A2: 5/6/2026 | B2: Brake Pads | C2: 38 | D2: 350 | E2: 13 | F2: PE
A3: 5/7/2026 | B3: Oil Filter | C3: 65 | D3: 120 | E3: 7 | F3: CPT
A4: 5/8/2026 | B4: Air Filter | C4: 41 | D4: 250 | E4: 10 | F4: JHB
A5: 5/9/2026 | B5: Spark Plug | C5: 90 | D5: 80 | E5: 7 | F5: DBN
A6: 5/10/2026 | B6: Battery | C6: 22 | D6: 1450 | E6: 31 | F6: PE
A7: 5/11/2026 | B7: Brake Pads | C7: 47 | D7: 350 | E7: 16 | F7: CPT
A8: 5/12/2026 | B8: Oil Filter | C8: 58 | D8: 120 | E8: 6 | F8: JHB
A9: 5/13/2026 | B9: Air Filter | C9: 63 | D9: 250 | E9: 15 | F9: PE
A10: 5/14/2026 | B10: Spark Plug | C10: 110 | D10: 80 | E10: 8 | F10: CPT
A11: 5/15/2026 | B11: Battery | C11: 18 | D11: 1450 | E11: 26 | F11: JHB
A12: 5/16/2026 | B12: Brake Pads | C12: 52 | D12: 350 | E12: 18 | F12: DBN
A13: 5/17/2026 | B13: Oil Filter | C13: 71 | D13: 120 | E13: 8 | F13: PE
... A57: 6/30/2026 | B57: Brake Pads | C57: 46 | D57: 350 | E57: 16 | F57: CPT

Sheet Summary Dashboard
A1: Auto Parts Sales Dashboard | May – June 2026
A3: Total Records | B3: Total Qty Sold | C3: Total Sales (R'000) | D3: Avg Unit Price (R) | E3: Best Product | F3: Top Region
A4: =COUNTA('Sales Data'!A2:A57) -> 56 | B4: =SUM('Sales Data'!C2:C57) -> 3291 | C4: =SUM('Sales Data'!E2:E57) -> 852 | D4: =AVERAGE('Sales Data'!D2:D57) -> 448.21429 | E4: =INDEX('Sales Data'!B2:B57,MATCH(MAX(SUMIF('Sales Data'!B2:B57,'Sales Data'!B2:B57,'Sales Data'!E2:E57)),SUMIF('Sales Data'!B2:B57,'Sales Data'!B2:B57,'Sales Data'!E2:E57),0)) -> Air Filter | F4: =INDEX('Sales Data'!F2:F57,MATCH(MAX(SUMIF('Sales Data'!F2:F57,'Sales Data'!F2:F57,'Sales Data'!E2:E57)),SUMIF('Sales Data'!F2:F57,'Sales Data'!F2:F57,'Sales Data'!E2:E57),0)) -> JHB
A6: Sales by Product (R'000) | E6: Sales by Region (R'000)
A7: Product | B7: Total Sales | C7: Total Qty | E7: Region | F7: Total Sales | G7: Total Qty
A8: Air Filter | B8: =SUMIF('Sales Data'!B:B,A8,'Sales Data'!E:E) -> 149 | C8: =SUMIF('Sales Data'!B:B,A8,'Sales Data'!C:C) -> 614 | E8: CPT | F8: =SUMIF('Sales Data'!F:F,E8,'Sales Data'!E:E) -> 218 | G8: =SUMIF('Sales Data'!F:F,E8,'Sales Data'!C:C) -> 1031
A9: Battery | B9: =SUMIF('Sales Data'!B:B,A9,'Sales Data'!E:E) -> 347 | C9: =SUMIF('Sales Data'!B:B,A9,'Sales Data'!C:C) -> 243 | E9: DBN | F9: =SUMIF('Sales Data'!F:F,E9,'Sales Data'!E:E) -> 130 | G9: =SUMIF('Sales Data'!F:F,E9,'Sales Data'!C:C) -> 596
A10: Brake Pads | B10: =SUMIF('Sales Data'!B:B,A10,'Sales Data'!E:E) -> 184 | C10: =SUMIF('Sales Data'!B:B,A10,'Sales Data'!C:C) -> 540 | E10: JHB | F10: =SUMIF('Sales Data'!F:F,E10,'Sales Data'!E:E) -> 207 | G10: =SUMIF('Sales Data'!F:F,E10,'Sales Data'!C:C) -> 803
A11: Oil Filter | B11: =SUMIF('Sales Data'!B:B,A11,'Sales Data'!E:E) -> 88 | C11: =SUMIF('Sales Data'!B:B,A11,'Sales Data'!C:C) -> 792 | E11: PE | F11: =SUMIF('Sales Data'!F:F,E11,'Sales Data'!E:E) -> 297 | G11: =SUMIF('Sales Data'!F:F,E11,'Sales Data'!C:C) -> 861
A12: Spark Plug | B12: =SUMIF('Sales Data'!B:B,A12,'Sales Data'!E:E) -> 84 | C12: =SUMIF('Sales Data'!B:B,A12,'Sales Data'!C:C) -> 1102 | E12: TOTAL | F12: =SUM(F8:F11) -> 852 | G12: =SUM(G8:G11) -> 3291
A13: TOTAL | B13: =SUM(B8:B12) -> 852 | C13: =SUM(C8:C12) -> 3291
